Wavelength [nm],Relative Intensity [%]
400.0,0.0
400.0,0.09952056754572797
400.0,0.21402626271438066
400.0,0.24393969062277465
400.0,0.1485443913651749
400.0,0.0
400.0,0.0
400.0,0.0
400.0,0.1594160134757378
400.0,0.7460953823015857
401.3651877133106,1.4344705503042676
401.3651877133106,1.9747523389737964
401.3651877133106,2.2428421790858746
401.3651877133106,2.324784067384296
401.3651877133106,2.408128458478965
401.3651877133106,2.620632061457596
401.3651877133106,2.9576623557217654
401.3651877133106,3.3183063938922017
401.3651877133106,3.6001974315271497
401.3651877133106,3.764893571756249
401.3651877133106,3.801747368899662
401.3651877133106,3.650603117140921
401.3651877133106,3.2165098441617817
401.3651877133106,2.4847585982263194
401.3651877133106,1.5949187152613238
401.3651877133106,0.7621402814556667
401.3651877133106,0.1293671857357697
401.3651877133106,0.0
401.3651877133106,0.0
401.3651877133106,0.0
401.3651877133106,0.0
401.3651877133106,0.045009955979151875
402.73037542662115,0.8052476526053519
402.73037542662115,1.8951917129747309
402.73037542662115,3.172250874199334
402.73037542662115,4.361922432859815
402.73037542662115,5.182776183540142
402.73037542662115,5.497297480978343
402.73037542662115,5.3972383875674295
402.73037542662115,5.152347412830802
402.73037542662115,4.988741380616888
402.73037542662115,4.89153004865269
402.73037542662115,4.704916686089899
402.73037542662115,4.4155412979497575
402.73037542662115,4.212743882525127
402.73037542662115,4.261335334924123
402.73037542662115,4.534840374522646
402.73037542662115,4.898049622737954
402.73037542662115,5.233196108989753
402.73037542662115,5.449796055236785
402.73037542662115,5.467332998662679
402.73037542662115,5.238103195157899
402.73037542662115,4.762148227453542
402.73037542662115,4.104513911387579
402.73037542662115,3.439459631989658
402.73037542662115,3.0065488377631144
402.73037542662115,2.9206493745377626
402.73037542662115,3.0514538552701946
402.73037542662115,3.1668338476675357
402.73037542662115,3.1654488139629766
402.73037542662115,3.1265197429182128
402.73037542662115,3.2098461126443807
402.73037542662115,3.572155032938458
402.73037542662115,4.3122914229983556
402.73037542662115,5.377760776436942
404.09556313993176,6.5236204284033
404.09556313993176,7.452118665525874
404.09556313993176,8.020220684204064
404.09556313993176,8.286776752339895
404.09556313993176,8.402794657387815
404.09556313993176,8.510928949687308
404.09556313993176,8.720531878208638
404.09556313993176,9.099983258277012
404.09556313993176,9.621969385893381
404.09556313993176,10.127931732114874
404.09556313993176,10.427258232808493
404.09556313993176,10.463848588462684
404.09556313993176,10.32001336929479
404.09556313993176,10.005968480743569
404.09556313993176,9.318216507635626
404.09556313993176,8.02904404728288
404.09556313993176,6.227838491770052
404.09556313993176,4.37622580325492
404.09556313993176,2.98940210408657
404.09556313993176,2.31368602033937
404.09556313993176,2.3065810438208745
404.09556313993176,2.81169176720276
404.09556313993176,3.6554407975134517
404.09556313993176,4.626640339405235
404.09556313993176,5.513933205949828
404.09556313993176,6.227509172307396
404.09556313993176,6.8064025807483635
404.09556313993176,7.279055022882497
404.09556313993176,7.623486372596848
404.09556313993176,7.8738820292750855
404.09556313993176,8.120219621597577
404.09556313993176,8.348759459242913
404.09556313993176,8.393353742997695
404.09556313993176,8.150335103023409
404.09556313993176,7.823901269255595
404.09556313993176,7.847968270216485
404.09556313993176,8.49778866415508
405.4607508532423,9.605687674694039
405.4607508532423,10.692365994005309
405.4607508532423,11.354427833417576
405.4607508532423,11.51572788948415
405.4607508532423,11.363425168718349
405.4607508532423,11.12911328326503
405.4607508532423,10.964753342918582
405.4607508532423,10.977561156335954
405.4607508532423,11.284625156802981
405.4607508532423,11.964292720404448
405.4607508532423,12.934683193099424
405.4607508532423,13.87869804920464
405.4607508532423,14.331497888861453
405.4607508532423,13.958054217382642
405.4607508532423,12.836126199008312
405.4607508532423,11.424388322567024
405.4607508532423,10.17788992653378
405.4607508532423,9.23252882487144
405.4607508532423,8.496886639882408
405.4607508532423,7.923642671866904
405.4607508532423,7.5713327602057605
405.4607508532423,7.492795469228131
405.4607508532423,7.684769197546062
405.4607508532423,8.110897032960173
405.4607508532423,8.71583059082561
405.4607508532423,9.454946139338462
405.4607508532423,10.33350136146604
405.4607508532423,11.334860046748673
405.4607508532423,12.298328359886696
405.4607508532423,13.008168759678323
405.4607508532423,13.44762651087711
405.4607508532423,13.821518048141524
405.4607508532423,14.251711216723429
405.4607508532423,14.564879461665353
405.4607508532423,14.493054492164816
405.4607508532423,14.048018054614264
405.4607508532423,13.593784670268946
406.8259385665529,13.537699886565003
406.8259385665529,14.024179181252855
406.8259385665529,14.933740484209492
406.8259385665529,16.050449730065317
406.8259385665529,17.158804979085534
406.8259385665529,18.06811110575664
406.8259385665529,18.630772167111186
406.8259385665529,18.775758316825698
406.8259385665529,18.565163749568335
406.8259385665529,18.212847973816064
406.8259385665529,17.97003732270176
406.8259385665529,17.935448513389154
406.8259385665529,17.992376412924248
406.8259385665529,17.93749381298322
406.8259385665529,17.654133876993484
406.8259385665529,17.19705427144041
406.8259385665529,16.76342002398417
406.8259385665529,16.54193110522268
406.8259385665529,16.54033342941853
406.8259385665529,16.587281260686837
406.8259385665529,16.507855192596097
406.8259385665529,16.251106548335752
406.8259385665529,15.85192092432666
406.8259385665529,15.36430256819719
406.8259385665529,14.859320816066612
406.8259385665529,14.400990475498284
406.8259385665529,13.959442434115585
406.8259385665529,13.414076885763853
406.8259385665529,12.726353503540958
406.8259385665529,12.08521977507463
406.8259385665529,11.801545132789688
406.8259385665529,12.024296001203947
406.8259385665529,12.567821765257689
406.8259385665529,13.071522560203253
406.8259385665529,13.404537440112986
406.8259385665529,13.875289671075663
406.8259385665529,14.93218371914588
408.19112627986345,16.631508362714285
408.19112627986345,18.443279820401436
408.19112627986345,19.62178379391059
408.19112627986345,19.794164161609345
408.19112627986345,19.203224100277392
408.19112627986345,18.43067690548086
408.19112627986345,17.977325706808962
408.19112627986345,18.07832686616099
408.19112627986345,18.702030964539013
408.19112627986345,19.585062608809555
408.19112627986345,20.347001676308025
408.19112627986345,20.6726006439289
408.19112627986345,20.42277991169249
408.19112627986345,19.650961824528608
408.19112627986345,18.593401971358514
408.19112627986345,17.6081281323918
408.19112627986345,17.0369688513517
408.19112627986345,17.076740478363455
408.19112627986345,17.721028644527745
408.19112627986345,18.757443998232528
408.19112627986345,19.838137375750815
408.19112627986345,20.639524658869778
408.19112627986345,21.017019689979392
408.19112627986345,21.050989622180133
408.19112627986345,20.950597770242137
408.19112627986345,20.867550926452207
408.19112627986345,20.77198801280814
408.19112627986345,20.555274520438
408.19112627986345,20.2698825732494
408.19112627986345,20.178903186074574
408.19112627986345,20.492145465001865
408.19112627986345,21.11821878392667
408.19112627986345,21.78436036817214
408.19112627986345,22.35820344050644
408.19112627986345,22.943981244704005
408.19112627986345,23.67484029527322
409.55631399317406,24.52697383581899
409.55631399317406,25.35771154900668
409.55631399317406,26.0244711233441
409.55631399317406,26.449669559400117
409.55631399317406,26.669497321393553
409.55631399317406,26.812670490349905
409.55631399317406,26.94945319153772
409.55631399317406,27.010977343062454
409.55631399317406,26.924171788471398
409.55631399317406,26.735746203288187
409.55631399317406,26.522501420327238
409.55631399317406,26.254842783638168
409.55631399317406,25.80088484737707
409.55631399317406,25.02745253371736
409.55631399317406,23.938623481107133
409.55631399317406,22.777708170205223
409.55631399317406,21.92006097202869
409.55631399317406,21.579239937928126
409.55631399317406,21.64397450738522
409.55631399317406,21.80724216266189
409.55631399317406,21.8270391904203
409.55631399317406,21.68624153391549
409.55631399317406,21.544945529149608
409.55631399317406,21.544542148162435
409.55631399317406,21.660291394698227
409.55631399317406,21.74500898719158
409.55631399317406,21.687108047355572
409.55631399317406,21.51120580508957
409.55631399317406,21.356773571074957
409.55631399317406,21.388475034318606
409.55631399317406,21.702572424152624
409.55631399317406,22.289697116581973
409.55631399317406,23.09397560463235
409.55631399317406,24.069754570883617
409.55631399317406,25.101194051572616
409.55631399317406,25.896323347981237
410.92150170648466,26.10989239091347
410.92150170648466,25.648189891387783
410.92150170648466,24.80263682719644
410.92150170648466,24.028119145297673
410.92150170648466,23.614849133330726
410.92150170648466,23.580075843437236
410.92150170648466,23.791966197943868
410.92150170648466,24.126469332174533
410.92150170648466,24.536651392495994
410.92150170648466,25.056660573357586
410.92150170648466,25.771812349145122
410.92150170648466,26.736007277411233
410.92150170648466,27.851255507747368
410.92150170648466,28.83296381855869
410.92150170648466,29.376510433006576
410.92150170648466,29.42789557669507
410.92150170648466,29.278704027834223
410.92150170648466,29.344449913116495
410.92150170648466,29.819166681626335
410.92150170648466,30.535564414782012
410.92150170648466,31.13803885728909
410.92150170648466,31.34944897292306
410.92150170648466,31.089323571212407
410.92150170648466,30.448632849265966
410.92150170648466,29.651426887084387
410.92150170648466,29.003439494164724
410.92150170648466,28.74139629468454
410.92150170648466,28.879767934299426
410.92150170648466,29.22733109734671
410.92150170648466,29.53916996046581
410.92150170648466,29.637706536776825
410.92150170648466,29.485981441682373
410.92150170648466,29.262601267384746
410.92150170648466,29.343041353249514
410.92150170648466,30.042022864691198
410.92150170648466,31.28166728600296
412.2866894197952,32.59767797153813
412.2866894197952,33.53124245689055
412.2866894197952,33.93061074989052
412.2866894197952,33.87340813298748
412.2866894197952,33.48551116894067
412.2866894197952,32.898934025198635
412.2866894197952,32.22421937529031
412.2866894197952,31.507427569101733
412.2866894197952,30.79762858819986
412.2866894197952,30.212430219706356
412.2866894197952,29.846129465929653
412.2866894197952,29.677357031024858
412.2866894197952,29.61746574959677
412.2866894197952,29.567476623524257
412.2866894197952,29.444607877540452
412.2866894197952,29.30381210553043
412.2866894197952,29.425455880426338
412.2866894197952,30.11576854348426
412.2866894197952,31.361558341329644
412.2866894197952,32.722172213598874
412.2866894197952,33.58246019391582
412.2866894197952,33.57470444811692
412.2866894197952,32.8613043940898
412.2866894197952,32.02791285946638
412.2866894197952,31.641803502598513
412.2866894197952,31.86755395859624
412.2866894197952,32.460311246511765
412.2866894197952,33.04863658655736
412.2866894197952,33.40741578701918
412.2866894197952,33.53376058504302
412.2866894197952,33.53527357945148
412.2866894197952,33.46419040173885
412.2866894197952,33.286578648400095
412.2866894197952,33.021702166136656
412.2866894197952,32.84557348384766
412.2866894197952,32.97393804625415
413.6518771331058,33.459935690942736
413.6518771331058,34.149133965211085
413.6518771331058,34.816419946913925
413.6518771331058,35.31028352702914
413.6518771331058,35.5777051240529
413.6518771331058,35.58993090143939
413.6518771331058,35.31779375161209
413.6518771331058,34.83468552070811
413.6518771331058,34.37500189916072
413.6518771331058,34.17461393119003
413.6518771331058,34.2697743819288
413.6518771331058,34.504433698921844
413.6518771331058,34.681634304103106
413.6518771331058,34.68376566724519
413.6518771331058,34.52549727268527
413.6518771331058,34.31935810319591
413.6518771331058,34.149719629744496
413.6518771331058,33.99964660331479
413.6518771331058,33.851426788107055
413.6518771331058,33.83063677208657
413.6518771331058,34.18999731016047
413.6518771331058,35.10892100026338
413.6518771331058,36.487888078669286
413.6518771331058,37.95269887777163
413.6518771331058,39.09652564454005
413.6518771331058,39.70993680024496
413.6518771331058,39.79797573576503
413.6518771331058,39.491357412294775
413.6518771331058,39.00229653938429
413.6518771331058,38.55689250332678
413.6518771331058,38.27986983952688
413.6518771331058,38.201403872860226
413.6518771331058,38.36044069913234
413.6518771331058,38.76665624056572
413.6518771331058,39.25608060822409
413.6518771331058,39.53868701239294
413.6518771331058,39.4506158647662
415.01706484641636,39.118386062196016
415.01706484641636,38.87913458893491
415.01706484641636,39.035744735949116
415.01706484641636,39.62658494791804
415.01706484641636,40.37970261795182
415.01706484641636,40.925963126878635
415.01706484641636,41.086724729547804
415.01706484641636,40.95025423054747
415.01706484641636,40.71796898060635
415.01706484641636,40.55332844644494
415.01706484641636,40.53336423712943
415.01706484641636,40.630653933917074
415.01706484641636,40.74253345616984
415.01706484641636,40.82046158862257
415.01706484641636,40.92640870746248
415.01706484641636,41.079594477827605
415.01706484641636,41.13651971359293
415.01706484641636,40.94850610057617
415.01706484641636,40.584694359353804
415.01706484641636,40.315287174472815
415.01706484641636,40.40427337204031
415.01706484641636,40.938009142584
415.01706484641636,41.75254238379571
415.01706484641636,42.46931729923746
415.01706484641636,42.69611537589878
415.01706484641636,42.319394911993164
415.01706484641636,41.604965117065206
415.01706484641636,40.96198412554946
415.01706484641636,40.61973004464938
415.01706484641636,40.54160555950508
415.01706484641636,40.55068608384565
415.01706484641636,40.50196235594264
415.01706484641636,40.44142976158256
415.01706484641636,40.635857580793875
415.01706484641636,41.3347271938968
415.01706484641636,42.456924196239285
416.38225255972696,43.60082440755624
416.38225255972696,44.413394752841484
416.38225255972696,44.875107156169705
416.38225255972696,45.165749619244814
416.38225255972696,45.3473748013637
416.38225255972696,45.33032633162727
416.38225255972696,45.13044035241527
416.38225255972696,44.99672414287084
416.38225255972696,45.22237276408625
416.38225255972696,45.8856776211588
416.38225255972696,46.7837999831687
416.38225255972696,47.57127163539568
416.38225255972696,47.97487414252431
416.38225255972696,47.93626174430101
416.38225255972696,47.59869630521034
416.38225255972696,47.15797858612933
416.38225255972696,46.6931095708676
416.38225255972696,46.133885193000545
416.38225255972696,45.41926413958131
416.38225255972696,44.662130957972245
416.38225255972696,44.09018359871897
416.38225255972696,43.82031625659743
416.38225255972696,43.780864959275576
416.38225255972696,43.88266386067189
416.38225255972696,44.13929138589875
416.38225255972696,44.55015429244715
416.38225255972696,44.97927662350437
416.38225255972696,45.22977267889917
416.38225255972696,45.190876950784684
416.38225255972696,44.938871080720276
416.38225255972696,44.7970004750428
416.38225255972696,45.234491725899574
416.38225255972696,46.524239118363056
417.74744027303757,48.44887705880184
417.74744027303757,50.43074744457739
417.74744027303757,51.97636966823948
417.74744027303757,52.94968947226483
417.74744027303757,53.46481089439017
417.74744027303757,53.65992935058086
417.74744027303757,53.60861884948319
417.74744027303757,53.32802135917283
417.74744027303757,52.77953329360285
417.74744027303757,51.895225061160566
417.74744027303757,50.683470355291604
417.74744027303757,49.321227292074106
417.74744027303757,48.102483559821835
417.74744027303757,47.27859685031
417.74744027303757,46.94056597054138
417.74744027303757,46.98842392207189
417.74744027303757,47.16703923382746
417.74744027303757,47.20211431626812
417.74744027303757,46.99620501775599
417.74744027303757,46.68752527582181
417.74744027303757,46.47362543035754
417.74744027303757,46.39629512719298
417.74744027303757,46.33851108042436
417.74744027303757,46.22132771377431
417.74744027303757,46.16554805045792
417.74744027303757,46.41669713325048
417.74744027303757,47.09542981474562
417.74744027303757,48.053906310860796
417.74744027303757,49.00805419715127
417.74744027303757,49.81139358796065
417.74744027303757,50.584609513065736
417.74744027303757,51.5711505653026
417.74744027303757,52.86822304597828
419.1126279863481,54.30453090449533
419.1126279863481,55.567371361274134
419.1126279863481,56.416632319939666
419.1126279863481,56.79224461344575
419.1126279863481,56.79582591673741
419.1126279863481,56.60898257684698
419.1126279863481,56.38496221266256
419.1126279863481,56.16862365005456
419.1126279863481,55.90104962734392
419.1126279863481,55.49503488154668
419.1126279863481,54.916106136862595
419.1126279863481,54.21409944374006
419.1126279863481,53.489951811489256
419.1126279863481,52.82419822685539
419.1126279863481,52.23718098298755
419.1126279863481,51.72303556177897
419.1126279863481,51.30342608400379
419.1126279863481,51.04173608322245
419.1126279863481,51.013997678976494
419.1126279863481,51.23088651876985
419.1126279863481,51.539854658617834
419.1126279863481,51.65383210883998
419.1126279863481,51.367100683683695
419.1126279863481,50.75050321771401
419.1126279863481,50.102341520121264
419.1126279863481,49.734268891813805
419.1126279863481,49.818570112571194
419.1126279863481,50.39004335655275
419.1126279863481,51.4119394536432
419.1126279863481,52.77682921584642
419.1126279863481,54.26005173738777
419.1126279863481,55.56295087532131
419.1126279863481,56.45268915341589
420.4778156996587,56.865815165791886
420.4778156996587,56.90571617341934
420.4778156996587,56.775099113137685
420.4778156996587,56.65135259814511
420.4778156996587,56.55979550146961
420.4778156996587,56.383350273591745
420.4778156996587,56.04315382147041
420.4778156996587,55.66336628089182
420.4778156996587,55.520649478050764
420.4778156996587,55.81071493538041
420.4778156996587,56.48172482067936
420.4778156996587,57.29079309208183
420.4778156996587,57.98803807949899
420.4778156996587,58.45992772692781
420.4778156996587,58.74518509633686
420.4778156996587,58.93488582020434
420.4778156996587,59.081743925554065
420.4778156996587,59.181779608390805
420.4778156996587,59.172627402376754
420.4778156996587,58.985004201519565
420.4778156996587,58.66909467986928
420.4778156996587,58.382865670062166
420.4778156996587,58.199675136648665
420.4778156996587,58.04444768031131
420.4778156996587,57.86400487886
420.4778156996587,57.7333357948827
420.4778156996587,57.73997891782332
420.4778156996587,57.85368303452899
420.4778156996587,57.961577717656574
420.4778156996587,57.99899599554792
420.4778156996587,58.026201196383255
420.4778156996587,58.176934327390995
420.4778156996587,58.53228082336732
421.84300341296927,59.06968497082935
421.84300341296927,59.743639343210205
421.84300341296927,60.522945884792264
421.84300341296927,61.30631150277065
421.84300341296927,61.93504994184548
421.84300341296927,62.37818145147036
421.84300341296927,62.78160003497677
421.84300341296927,63.253194884339514
421.84300341296927,63.694337467328246
421.84300341296927,63.899106917182166
421.84300341296927,63.75979715009689
421.84300341296927,63.35626321218362
421.84300341296927,62.89656591565159
421.84300341296927,62.58581550286736
421.84300341296927,62.532250302106995
421.84300341296927,62.723231137153014
421.84300341296927,63.007694262465066
421.84300341296927,63.110274134370435
421.84300341296927,62.77036293689837
421.84300341296927,61.946914424733215
421.84300341296927,60.879182411769584
421.84300341296927,59.927734561322296
421.84300341296927,59.34150438998261
421.84300341296927,59.150350092188084
421.84300341296927,59.24331772303726
421.84300341296927,59.515180000890474
421.84300341296927,59.89989033487386
421.84300341296927,60.29751767937586
421.84300341296927,60.614666769018875
421.84300341296927,60.94808467662285
421.84300341296927,61.58721214177366
421.84300341296927,62.67098784368995
421.84300341296927,63.89615526766291
423.20819112627987,64.71541566035395
423.20819112627987,64.84441830470598
423.20819112627987,64.50892028274434
423.20819112627987,64.1924050401745
423.20819112627987,64.18306893728595
423.20819112627987,64.34861745852527
423.20819112627987,64.31961960286004
423.20819112627987,63.8864772927547
423.20819112627987,63.18597150416683
423.20819112627987,62.51506046447333
423.20819112627987,62.07026368858354
423.20819112627987,61.891572875770386
423.20819112627987,61.94868596199908
423.20819112627987,62.2198785088427
423.20819112627987,62.72869432430197
423.20819112627987,63.528941867820244
423.20819112627987,64.62620065740953
423.20819112627987,65.89243825655664
423.20819112627987,67.07603805562401
423.20819112627987,67.93709014645367
423.20819112627987,68.38937649109248
423.20819112627987,68.50496072113944
423.20819112627987,68.40880136719744
423.20819112627987,68.20224404185919
423.20819112627987,67.96424212921703
423.20819112627987,67.77311730306475
423.20819112627987,67.69042237416078
423.20819112627987,67.72375918445928
423.20819112627987,67.8331180107058
423.20819112627987,67.9738104234494
423.20819112627987,68.13170308065017
423.20819112627987,68.33723334908224
423.20819112627987,68.651342929284
424.5733788395904,69.10439378683087
424.5733788395904,69.64303007494723
424.5733788395904,70.16803976376818
424.5733788395904,70.62697154216345
424.5733788395904,71.02755875953032
424.5733788395904,71.35923539869108
424.5733788395904,71.55895561411879
424.5733788395904,71.58229960575338
424.5733788395904,71.46127907059278
424.5733788395904,71.26244140171256
424.5733788395904,71.0336021241443
424.5733788395904,70.81704729797573
424.5733788395904,70.66774771300692
424.5733788395904,70.62028907710668
424.5733788395904,70.64418296000122
424.5733788395904,70.64962619730862
424.5733788395904,70.53729484866157
424.5733788395904,70.26493660706153
424.5733788395904,69.91371250700222
424.5733788395904,69.69563080237496
424.5733788395904,69.7964804524379
424.5733788395904,70.11844308219743
424.5733788395904,70.23215662209138
424.5733788395904,69.73298034902145
424.5733788395904,68.6747181258466
424.5733788395904,67.58704869648311
424.5733788395904,67.06945252617462
424.5733788395904,67.3977299614366
424.5733788395904,68.44898667878564
424.5733788395904,69.90082858068372
424.5733788395904,71.46783289036561
424.5733788395904,72.97043451794109
424.5733788395904,74.27341706314353
424.5733788395904,75.27170147066327
424.5733788395904,75.91663397694485
425.938566552901,76.18099158663978
425.938566552901,76.05433450469951
425.938566552901,75.68281048988403
425.938566552901,75.44805558958521
425.938566552901,75.69519482808849
425.938566552901,76.31154367444148
425.938566552901,76.74497282002342
425.938566552901,76.56758000468866
425.938566552901,75.92085396607303
425.938566552901,75.27283731679394
425.938566552901,74.8350492747097
425.938566552901,74.43435070342147
425.938566552901,73.9233686357282
425.938566552901,73.42499706267454
425.938566552901,73.08051334930863
425.938566552901,72.80188104352558
425.938566552901,72.43621195373589
425.938566552901,72.03501046578576
425.938566552901,71.82092582488887
425.938566552901,71.93804089587685
425.938566552901,72.31021038239687
425.938566552901,72.74865671670395
425.938566552901,73.18630538392486
425.938566552901,73.75511888190815
425.938566552901,74.57213685017098
425.938566552901,75.50274769552178
425.938566552901,76.23205270090068
425.938566552901,76.55323987531693
425.938566552901,76.52643236091492
425.938566552901,76.39426643310631
425.938566552901,76.40544426584763
425.938566552901,76.69560828350218
425.938566552901,77.25282054232181
425.938566552901,77.92419024163335
425.938566552901,78.47033099589072
425.938566552901,78.72360773743499
425.938566552901,78.75421998103036
425.938566552901,78.82877735922352
427.3037542662116,79.1639251773839
427.3037542662116,79.77410606572506
427.3037542662116,80.57249366239672
427.3037542662116,81.48662501338745
427.3037542662116,82.4008381794473
427.3037542662116,83.09518028528575
427.3037542662116,83.37406679366019
427.3037542662116,83.250130063818
427.3037542662116,82.91884228265202
427.3037542662116,82.526434111858
427.3037542662116,82.03381191874784
427.3037542662116,81.37092612702399
427.3037542662116,80.67855583273884
427.3037542662116,80.26931073197036
427.3037542662116,80.3245537975328
427.3037542662116,80.70522074721283
427.3037542662116,81.05156243123125
427.3037542662116,81.04177124939767
427.3037542662116,80.62709986904133
427.3037542662116,80.03604789151345
427.3037542662116,79.50213191261386
427.3037542662116,79.04098869882091
427.3037542662116,78.57528359285521
427.3037542662116,78.15643478950743
427.3037542662116,77.90428390330335
427.3037542662116,77.78883679250315
427.3037542662116,77.63858824089938
427.3037542662116,77.37820626356489
427.3037542662116,77.17246283602958
427.3037542662116,77.30063242738116
427.3037542662116,77.87793988549329
427.3037542662116,78.6780087865404
427.3037542662116,79.2606785542019
427.3037542662116,79.33376625379834
427.3037542662116,78.99248635044928
427.3037542662116,78.59336919691648
427.3037542662116,78.44866365348312
427.3037542662116,78.70414628716313
427.3037542662116,79.43757844137208
427.3037542662116,80.67540515299301
427.3037542662116,82.23266862022524
428.6689419795222,83.67843273479629
428.6689419795222,84.58962564229056
428.6689419795222,84.82324506760428
428.6689419795222,84.58284137540831
428.6689419795222,84.29441598176435
428.6689419795222,84.32327867161486
428.6689419795222,84.71489972039082
428.6689419795222,85.27005615782818
428.6689419795222,85.8279041525914
428.6689419795222,86.33036377782216
428.6689419795222,86.7278849757318
428.6689419795222,87.05960520134172
428.6689419795222,87.5485299743063
428.6689419795222,88.37819352391881
428.6689419795222,89.40621497500038
428.6689419795222,90.22337926252983
428.6689419795222,90.45639272722248
428.6689419795222,89.9726778687761
428.6689419795222,88.89168794081658
428.6689419795222,87.4694053572787
428.6689419795222,85.96352173937217
428.6689419795222,84.60888187936742
428.6689419795222,83.6368104734187
428.6689419795222,83.17738288744845
428.6689419795222,83.1472213906355
428.6689419795222,83.33000317751515
428.6689419795222,83.55555476336373
428.6689419795222,83.77146980631701
428.6689419795222,83.99246103163111
428.6689419795222,84.22225991183011
428.6689419795222,84.40450965117753
428.6689419795222,84.44868492618184
428.6689419795222,84.32582434976433
428.6689419795222,84.11307054968022
428.6689419795222,83.92857007203328
428.6689419795222,83.85449310325232
428.6689419795222,83.94344221481414
428.6689419795222,84.26040527578
428.6689419795222,84.86998539001044
428.6689419795222,85.76211118082456
428.6689419795222,86.79744180083402
428.6689419795222,87.76372347847655
428.6689419795222,88.52614625391662
428.6689419795222,89.12091017077202
430.0341296928328,89.64853319892474
430.0341296928328,90.08774127447482
430.0341296928328,90.3069280122215
430.0341296928328,90.27016001603711
430.0341296928328,90.13539817239649
430.0341296928328,90.11325649421576
430.0341296928328,90.28178139371322
430.0341296928328,90.57592261018017
430.0341296928328,90.90262810076408
430.0341296928328,91.21501215193861
430.0341296928328,91.50984316993444
430.0341296928328,91.77611341306292
430.0341296928328,91.94256098660037
430.0341296928328,91.8878784179938
430.0341296928328,91.52173154000955
430.0341296928328,90.89658689842257
430.0341296928328,90.26617190201947
430.0341296928328,89.95366968634161
430.0341296928328,90.08439635763209
430.0341296928328,90.48722107357153
430.0341296928328,90.88290814991026
430.0341296928328,91.09925828555023
430.0341296928328,91.09431683091276
430.0341296928328,90.87850227496676
430.0341296928328,90.50073593200025
430.0341296928328,90.07144272408624
430.0341296928328,89.69408538209126
430.0341296928328,89.33538637161286
430.0341296928328,88.84166840274638
430.0341296928328,88.12835135860324
430.0341296928328,87.31439033876748
430.0341296928328,86.65096148492427
430.0341296928328,86.34640588170129
430.0341296928328,86.43925344796664
430.0341296928328,86.82036266296849
430.0341296928328,87.37968328714568
430.0341296928328,88.10952109469329
430.0341296928328,89.02840055263587
431.3993174061433,90.02704935772366
431.3993174061433,90.86343751897977
431.3993174061433,91.35650242929351
431.3993174061433,91.54004669854001
431.3993174061433,91.5825882945516
431.3993174061433,91.60599067858509
431.3993174061433,91.63541460547935
431.3993174061433,91.66808026514468
431.3993174061433,91.70406018580218
431.3993174061433,91.71254943919766
431.3993174061433,91.66196764685766
431.3993174061433,91.60650553226128
431.3993174061433,91.66951771723218
431.3993174061433,91.91733534962663
431.3993174061433,92.30373709550625
431.3993174061433,92.73047355906452
431.3993174061433,93.1222581248006
431.3993174061433,93.45718113034005
431.3993174061433,93.74733496280776
431.3993174061433,93.98159905512654
431.3993174061433,94.1230740351175
431.3993174061433,94.18763952649178
431.3993174061433,94.27299677567837
431.3993174061433,94.46667443936835
431.3993174061433,94.74450193480021
431.3993174061433,94.99007295701855
432.76450511945393,95.12281281939632
432.76450511945393,95.18678183179338
432.76450511945393,95.29303041898336
432.76450511945393,95.48116676434766
432.76450511945393,95.66464152811795
432.76450511945393,95.72730223336112
432.76450511945393,95.6686908742235
432.76450511945393,95.62332724581911
432.76450511945393,95.72756373828038
432.76450511945393,95.98873822421442
432.76450511945393,96.29449848993688
432.76450511945393,96.52965487046498
432.76450511945393,96.6772734355713
432.76450511945393,96.81016022865619
434.1296928327645,96.99510678875983
434.1296928327645,97.23255763846822
434.1296928327645,97.49249864751556
434.1296928327645,97.76290000348072
434.1296928327645,98.03634956383627
435.4948805460751,98.27607224357519
435.4948805460751,98.42293308545536
435.4948805460751,98.44148764990204
435.4948805460751,98.36452460524534
435.4948805460751,98.28730379358683
435.4948805460751,98.30058440053422
436.8600682593857,98.42218286069394
436.8600682593857,98.60011610329535
436.8600682593857,98.77489969902847
436.8600682593857,98.92462623949669
436.8600682593857,99.05740743491211
438.22525597269623,99.18557115938972
438.22525597269623,99.31464933128609
438.22525597269623,99.44190543480316
438.22525597269623,99.55888886101512
439.59044368600684,99.660560259001
439.59044368600684,99.74943493661583
439.59044368600684,99.82815700187615
440.9556313993174,99.89487702163848
440.9556313993174,99.9471184593166
440.9556313993174,99.9832403230267
442.320819112628,100.0
442.320819112628,99.99492735047349
442.320819112628,99.96788518507881
443.6860068259386,99.91782825135988
443.6860068259386,99.84741903727243
443.6860068259386,99.7740910290334
445.05119453924914,99.72330875180752
445.05119453924914,99.70374501106757
445.05119453924914,99.697680369925
446.41638225255974,99.68123362823825
446.41638225255974,99.64767674524929
446.41638225255974,99.60776376227187
447.7815699658703,99.57339156272236
447.7815699658703,99.54732155232966
447.7815699658703,99.52404279739106
449.1467576791809,99.49193198806584
449.1467576791809,99.43497915140327
449.1467576791809,99.34153952454832
449.1467576791809,99.21854971224214
450.51194539249144,99.09387561663918
450.51194539249144,98.99526247775542
450.51194539249144,98.92341409121825
450.51194539249144,98.849381924235
450.51194539249144,98.74018353606662
451.87713310580205,98.58733068924826
451.87713310580205,98.4151138996308
451.87713310580205,98.26004400501029
451.87713310580205,98.13542401930259
451.87713310580205,98.02008242663662
451.87713310580205,97.89049848626928
451.87713310580205,97.75152048307858
453.24232081911265,97.62835028877534
453.24232081911265,97.54388436690336
453.24232081911265,97.50668454326991
453.24232081911265,97.50124505751752
453.24232081911265,97.48384235121102
453.24232081911265,97.40663330339683
453.24232081911265,97.25471866066634
453.24232081911265,97.05608071141155
454.6075085324232,96.85441878029462
454.6075085324232,96.6750774654849
454.6075085324232,96.51721147315558
454.6075085324232,96.38155168472346
454.6075085324232,96.29536625378535
454.6075085324232,96.290435404607
454.6075085324232,96.35611678850387
454.6075085324232,96.43082791395013
454.6075085324232,96.44086772508629
454.6075085324232,96.33897603133926
455.9726962457338,96.12280967749786
455.9726962457338,95.83941915400115
455.9726962457338,95.56247369315912
455.9726962457338,95.34522358898886
455.9726962457338,95.19116474230577
455.9726962457338,95.06652119191156
455.9726962457338,94.93553715527943
455.9726962457338,94.80197389115826
455.9726962457338,94.71518921280969
455.9726962457338,94.69892668821008
455.9726962457338,94.66895520264514
455.9726962457338,94.47270495281187
455.9726962457338,94.04410955726131
455.9726962457338,93.5085185616471
455.9726962457338,93.12048727995446
455.9726962457338,93.09670390526793
457.33788395904435,93.47700676633008
457.33788395904435,94.0971408802618
457.33788395904435,94.69702172039383
457.33788395904435,95.09190062430609
457.33788395904435,95.24223086762528
457.33788395904435,95.15933158473506
457.33788395904435,94.80314495352665
457.33788395904435,94.14206101282396
457.33788395904435,93.28630345424497
457.33788395904435,92.47629164004553
457.33788395904435,91.91598889862834
457.33788395904435,91.64699747366582
457.33788395904435,91.56559412553513
457.33788395904435,91.52404109944054
457.33788395904435,91.43506113949296
457.33788395904435,91.3217359589479
457.33788395904435,91.26637791795865
457.33788395904435,91.30964159864516
457.33788395904435,91.41780410802487
457.33788395904435,91.51525838692926
457.33788395904435,91.48378826856094
457.33788395904435,91.15305139138692
457.33788395904435,90.41155545031151
458.70307167235495,89.39294434780103
458.70307167235495,88.49272104725873
458.70307167235495,88.1322796996087
458.70307167235495,88.47878936029812
458.70307167235495,89.34341699599231
458.70307167235495,90.31450053670945
458.70307167235495,91.03995422693131
458.70307167235495,91.43653468309097
458.70307167235495,91.6541333618487
458.70307167235495,91.87544158226834
458.70307167235495,92.14879844450769
458.70307167235495,92.35221951372753
458.70307167235495,92.29556199868253
458.70307167235495,91.90059691918067
458.70307167235495,91.3096325669666
458.70307167235495,90.80191586745669
458.70307167235495,90.57786234309965
458.70307167235495,90.61020478928785
458.70307167235495,90.70186450432777
458.70307167235495,90.69406600724953
458.70307167235495,90.61082530468406
458.70307167235495,90.60489957359138
458.70307167235495,90.80038682871916
458.70307167235495,91.17136579806834
458.70307167235495,91.49589067108779
458.70307167235495,91.4460978690569
458.70307167235495,90.82209587640364
460.06825938566556,89.71588607441939
460.06825938566556,88.40690025500646
460.06825938566556,87.13729062508031
460.06825938566556,86.05764710605285
460.06825938566556,85.32065873065014
460.06825938566556,85.06736474283562
460.06825938566556,85.28765743006444
460.06825938566556,85.79623046523393
460.06825938566556,86.39362962385843
460.06825938566556,86.98610029468328
460.06825938566556,87.53641170758752
460.06825938566556,87.99506129228381
460.06825938566556,88.31727429601341
460.06825938566556,88.47427095789746
460.06825938566556,88.43648886884816
460.06825938566556,88.20721176734736
460.06825938566556,87.86770094770853
460.06825938566556,87.53635771888877
460.06825938566556,87.28979293868518
460.06825938566556,87.1506016517827
460.06825938566556,87.10602055702518
460.06825938566556,87.09484160466707
460.06825938566556,87.01657880027304
460.06825938566556,86.8079001112259
461.4334470989761,86.51298680154143
461.4334470989761,86.25673799809107
461.4334470989761,86.13922351647177
461.4334470989761,86.14866384964165
461.4334470989761,86.17889258380042
461.4334470989761,86.13760920891644
461.4334470989761,86.02428505041779
461.4334470989761,85.8944162846122
461.4334470989761,85.7935646052316
461.4334470989761,85.75314496629504
461.4334470989761,85.77276993144524
461.4334470989761,85.74921790365137
461.4334470989761,85.4884681067503
461.4334470989761,84.87327412490802
461.4334470989761,84.00355340831432
461.4334470989761,83.12347635182228
461.4334470989761,82.42319572713369
461.4334470989761,81.94343820210712
461.4334470989761,81.64230274415165
461.4334470989761,81.48163783755436
461.4334470989761,81.41441905683807
461.4334470989761,81.33292425993716
461.4334470989761,81.11120894358693
462.7986348122867,80.73273816579724
462.7986348122867,80.34823366112973
462.7986348122867,80.17902844239198
462.7986348122867,80.35259656113372
462.7986348122867,80.80954995929689
462.7986348122867,81.34850111768985
462.7986348122867,81.77858819242844
462.7986348122867,82.04610635691031
462.7986348122867,82.20887976234876
462.7986348122867,82.31378927114311
462.7986348122867,82.34707120266052
462.7986348122867,82.28500699333615
462.7986348122867,82.13580504270475
462.7986348122867,81.93048267756743
462.7986348122867,81.69523875982094
462.7986348122867,81.4444604560289
462.7986348122867,81.19673039485545
462.7986348122867,80.98576947237994
462.7986348122867,80.8558445936195
462.7986348122867,80.8379618735835
462.7986348122867,80.87822099992604
462.7986348122867,80.77309520061864
462.7986348122867,80.26609412782652
464.16382252559725,79.31259837430778
464.16382252559725,78.21762213399384
464.16382252559725,77.40538831451167
464.16382252559725,77.04719438109939
464.16382252559725,76.98170264923479
464.16382252559725,76.97976698955785
464.16382252559725,76.98759636855581
464.16382252559725,77.09382863042025
464.16382252559725,77.36105743640522
464.16382252559725,77.75070116474238
464.16382252559725,78.16939584070356
464.16382252559725,78.5343016474336
464.16382252559725,78.80160007461633
464.16382252559725,78.96495442887833
464.16382252559725,79.04447930905071
464.16382252559725,79.06570268168619
464.16382252559725,79.04396235703177
464.16382252559725,79.01117450314882
464.16382252559725,79.05863486132422
464.16382252559725,79.2664785604133
464.16382252559725,79.52796535505692
464.16382252559725,79.52071085967744
464.16382252559725,78.96150657588535
465.52901023890786,77.88582768686193
465.52901023890786,76.63814752778104
465.52901023890786,75.61902035936014
465.52901023890786,75.0597733283203
465.52901023890786,74.95800468998956
465.52901023890786,75.12600990699197
465.52901023890786,75.30631627761922
465.52901023890786,75.33518231280695
465.52901023890786,75.2512132563203
465.52901023890786,75.21555955262158
465.52901023890786,75.28883271199554
465.52901023890786,75.32879568907624
465.52901023890786,75.16961144638584
465.52901023890786,74.8649545641873
465.52901023890786,74.65301318687865
465.52901023890786,74.69507513239041
465.52901023890786,74.96241397330394
465.52901023890786,75.37599287703976
465.52901023890786,75.88001241201391
465.52901023890786,76.30013757551683
465.52901023890786,76.2968343616426
465.52901023890786,75.63739073136058
465.52901023890786,74.50287680283098
466.8941979522184,73.42083979920056
466.8941979522184,72.85455477786986
466.8941979522184,72.86829602398656
466.8941979522184,73.17123815866738
466.8941979522184,73.42208351330322
466.8941979522184,73.47113148708547
466.8941979522184,73.3805223150393
466.8941979522184,73.29179888887842
466.8941979522184,73.27651088583045
466.8941979522184,73.28837058696031
466.8941979522184,73.25015509635328
466.8941979522184,73.16189385887581
466.8941979522184,73.08032170280522
466.8941979522184,73.00538325060786
466.8941979522184,72.86519683509239
466.8941979522184,72.6439639496797
466.8941979522184,72.44318039774373
466.8941979522184,72.37688498237543
466.8941979522184,72.45345625592489
466.8941979522184,72.56664787754605
466.8941979522184,72.57050953715307
466.8941979522184,72.3967959980223
466.8941979522184,72.1180369989992
466.8941979522184,71.84958319793186
468.259385665529,71.60669465484737
468.259385665529,71.34148428451577
468.259385665529,71.08132180300787
468.259385665529,70.89687350661727
468.259385665529,70.72579507326515
468.259385665529,70.35147288768766
468.259385665529,69.63410108076317
468.259385665529,68.73417547580397
468.259385665529,68.0417621263056
468.259385665529,67.87015036965911
468.259385665529,68.23009731109234
468.259385665529,68.86429519555615
468.259385665529,69.44307658546408
468.259385665529,69.75356415058948
468.259385665529,69.77376116934786
468.259385665529,69.61058534584575
468.259385665529,69.39299111434264
468.259385665529,69.22089839414859
468.259385665529,69.142225019725
468.259385665529,69.12946788929004
468.259385665529,69.10380928173066
468.259385665529,68.99477849428517
468.259385665529,68.76688923734922
468.259385665529,68.42345049302949
469.6245733788396,68.02004144910636
469.6245733788396,67.64242806530788
469.6245733788396,67.34532836155222
469.6245733788396,67.14592106121835
469.6245733788396,67.08640341507542
469.6245733788396,67.21675517028083
469.6245733788396,67.45237482496563
469.6245733788396,67.54277424383953
469.6245733788396,67.31590667183922
469.6245733788396,66.92381566075478
469.6245733788396,66.71393798253172
469.6245733788396,66.85119135395549
469.6245733788396,67.1638777509742
469.6245733788396,67.36080002311114
469.6245733788396,67.2857077475901
469.6245733788396,66.95735283847125
469.6245733788396,66.49790954990675
469.6245733788396,66.07991798358222
469.6245733788396,65.83709827750633
469.6245733788396,65.75742083651977
469.6245733788396,65.70919727155264
469.6245733788396,65.58571277268399
469.6245733788396,65.37062177961762
469.6245733788396,65.06608034906505
470.98976109215016,64.63719712844842
470.98976109215016,64.06593685462512
470.98976109215016,63.42774313684604
470.98976109215016,62.881756034813044
470.98976109215016,62.58464255692141
470.98976109215016,62.60944588607359
470.98976109215016,62.93324757977462
470.98976109215016,63.487515264304676
470.98976109215016,64.17911223713367
470.98976109215016,64.85174230694611
470.98976109215016,65.29525607940421
470.98976109215016,65.37470605239865
470.98976109215016,65.15149768555634
470.98976109215016,64.83291142976387
470.98976109215016,64.59109042574275
470.98976109215016,64.45740263528073
470.98976109215016,64.38272249282296
470.98976109215016,64.31495673723545
470.98976109215016,64.17451702877868
470.98976109215016,63.8330427480979
470.98976109215016,63.20505273518632
470.98976109215016,62.351287488890485
470.98976109215016,61.47061015795732
472.35494880546077,60.800733213389954
472.35494880546077,60.503893475295875
472.35494880546077,60.57467532794478
472.35494880546077,60.84089145845102
472.35494880546077,61.10442431019729
472.35494880546077,61.29232231140737
472.35494880546077,61.451094734508125
472.35494880546077,61.61305955213518
472.35494880546077,61.716850369973606
472.35494880546077,61.691237164759514
472.35494880546077,61.577393135652834
472.35494880546077,61.49697711995068
472.35494880546077,61.50574598893378
472.35494880546077,61.550681003978745
472.35494880546077,61.55737454690986
472.35494880546077,61.47711024422028
472.35494880546077,61.26934131582416
472.35494880546077,60.93190943371185
472.35494880546077,60.53973135353341
472.35494880546077,60.194675680754315
472.35494880546077,59.92619454688355
472.35494880546077,59.65199955287082
472.35494880546077,59.23863395307541
473.7201365187713,58.63488657343058
473.7201365187713,57.98565940527596
473.7201365187713,57.58543531369485
473.7201365187713,57.65106886276001
473.7201365187713,58.12524873653886
473.7201365187713,58.714782284677426
473.7201365187713,59.11070967890658
473.7201365187713,59.17298774932003
473.7201365187713,58.94093169038624
473.7201365187713,58.51386440176775
473.7201365187713,57.966426196566964
473.7201365187713,57.39564856453332
473.7201365187713,56.975712460592206
473.7201365187713,56.84538025301402
473.7201365187713,56.94152486791689
473.7201365187713,57.0554694189013
473.7201365187713,57.08882323096519
473.7201365187713,57.15172543895082
473.7201365187713,57.367431654721216
473.7201365187713,57.66747923264431
473.7201365187713,57.83203697896698
473.7201365187713,57.68771407871669
473.7201365187713,57.24682361202142
475.0853242320819,56.69607115238847
475.0853242320819,56.273500965146596
475.0853242320819,56.13197595332275
475.0853242320819,56.271386168334224
475.0853242320819,56.55085599256514
475.0853242320819,56.767537604127064
475.0853242320819,56.771247593424754
475.0853242320819,56.52128291705212
475.0853242320819,56.041376672932195
475.0853242320819,55.38157598289062
475.0853242320819,54.676554260614985
475.0853242320819,54.18964716143053
475.0853242320819,54.16826771979205
475.0853242320819,54.584527797927976
475.0853242320819,55.06984365172658
475.0853242320819,55.184934873202565
475.0853242320819,54.77835999058547
475.0853242320819,54.084782167702485
475.0853242320819,53.49763139382242
475.0853242320819,53.26053075051822
475.0853242320819,53.32951323093392
475.0853242320819,53.45425073024227
475.0853242320819,53.369100634023205
476.45051194539246,52.97140336039471
476.45051194539246,52.388760618871345
476.45051194539246,51.87961859786735
476.45051194539246,51.640403145459366
476.45051194539246,51.68137423706407
476.45051194539246,51.87468755668829
476.45051194539246,52.10542341430251
476.45051194539246,52.342197588934965
476.45051194539246,52.56366917195541
476.45051194539246,52.698656736176275
476.45051194539246,52.69523587276813
476.45051194539246,52.59804075869617
476.45051194539246,52.484643729834765
476.45051194539246,52.35905993743833
476.45051194539246,52.192981547161565
476.45051194539246,52.043140715058655
476.45051194539246,52.03085403920446
476.45051194539246,52.203649544588174
476.45051194539246,52.47095084274488
476.45051194539246,52.66442311085696
476.45051194539246,52.638034869745034
476.45051194539246,52.370476401143996
476.45051194539246,52.014908134874204
476.45051194539246,51.788200124572235
477.81569965870307,51.749253693550344
477.81569965870307,51.71672285743794
477.81569965870307,51.4478338739647
477.81569965870307,50.8866839581201
477.81569965870307,50.209449692532324
477.81569965870307,49.649511121359204
477.81569965870307,49.33020007986942
477.81569965870307,49.245798144549994
477.81569965870307,49.29613864215799
477.81569965870307,49.31146039681899
477.81569965870307,49.135945015640836
477.81569965870307,48.74761231585135
477.81569965870307,48.275463227342044
477.81569965870307,47.89137174483847
477.81569965870307,47.71136937820009
477.81569965870307,47.77083760963875
477.81569965870307,48.00757548703033
477.81569965870307,48.25407597872431
477.81569965870307,48.32526694283768
477.81569965870307,48.17325950873208
477.81569965870307,47.92872842035177
477.81569965870307,47.754140980850266
477.81569965870307,47.67915008100779
477.81569965870307,47.60148562304705
479.1808873720137,47.394504158947484
479.1808873720137,46.961835329199374
479.1808873720137,46.26999314491306
479.1808873720137,45.44145564116819
479.1808873720137,44.767766781809115
479.1808873720137,44.51556382856235
479.1808873720137,44.71308150696176
479.1808873720137,45.163737918847055
479.1808873720137,45.64902254164355
479.1808873720137,46.09121470009585
479.1808873720137,46.534346135020215
479.1808873720137,46.99813742391795
479.1808873720137,47.36346770741732
479.1808873720137,47.41386012274415
479.1808873720137,47.011471818005575
479.1808873720137,46.270779904270896
479.1808873720137,45.5600728778924
479.1808873720137,45.26758252534162
479.1808873720137,45.514336774322416
479.1808873720137,46.08990414508185
479.1808873720137,46.6414532572822
479.1808873720137,46.878599355707536
479.1808873720137,46.66130944749176
479.1808873720137,46.042541666440236
479.1808873720137,45.26999169866869
480.5460750853242,44.65691165878968
480.5460750853242,44.37450687386151
480.5460750853242,44.342477495484644
480.5460750853242,44.30370385535236
480.5460750853242,44.03778138911636
480.5460750853242,43.55663481343664
480.5460750853242,43.09606472496166
480.5460750853242,42.89739682970347
480.5460750853242,43.00362748724575
480.5460750853242,43.24673861587295
480.5460750853242,43.393832284348406
480.5460750853242,43.316224862409214
480.5460750853242,43.064096254509884
480.5460750853242,42.800842773785405
480.5460750853242,42.65604865424518
480.5460750853242,42.635950221322595
480.5460750853242,42.67112698956243
480.5460750853242,42.74605654247342
480.5460750853242,42.9602947383391
480.5460750853242,43.406643570980684
480.5460750853242,43.98860961247677
480.5460750853242,44.445266799151334
480.5460750853242,44.58108025639325
481.9112627986348,44.40636219087104
481.9112627986348,44.057227320080976
481.9112627986348,43.65818647773156
481.9112627986348,43.2757644360219
481.9112627986348,42.93797634341927
481.9112627986348,42.647972425476084
481.9112627986348,42.37253345059606
481.9112627986348,42.035358838850684
481.9112627986348,41.55721756252825
481.9112627986348,40.92854817619618
481.9112627986348,40.24672610989818
481.9112627986348,39.67185214829143
481.9112627986348,39.32648548785174
481.9112627986348,39.21734764360759
481.9112627986348,39.23949455078588
481.9112627986348,39.25150636021525
481.9112627986348,39.160664316659606
481.9112627986348,38.960168834447416
481.9112627986348,38.70888364904133
481.9112627986348,38.4777176670252
481.9112627986348,38.29880099717605
483.27645051194537,38.15776055689321
483.27645051194537,38.048510391951176
483.27645051194537,38.03033698643334
483.27645051194537,38.18919529629307
483.27645051194537,38.52065558980296
483.27645051194537,38.887204879079945
483.27645051194537,39.12509788212926
483.27645051194537,39.174622662097406
483.27645051194537,39.07221140007151
483.27645051194537,38.8454131860494
483.27645051194537,38.485319756784364
483.27645051194537,38.03676901296842
483.27645051194537,37.65187826638694
483.27645051194537,37.49483453946432
483.27645051194537,37.58234516775075
483.27645051194537,37.74348175680448
483.27645051194537,37.75565844633322
483.27645051194537,37.51427278412369
483.27645051194537,37.07108154552035
484.641638225256,36.53614932785079
484.641638225256,35.98944114544291
484.641638225256,35.50181100628563
484.641638225256,35.185707327459575
484.641638225256,35.153164100622504
484.641638225256,35.41858918022856
484.641638225256,35.865893820443105
484.641638225256,36.30366917385029
484.641638225256,36.56521345454431
484.641638225256,36.595314226888945
484.641638225256,36.46259533641597
484.641638225256,36.28131351118786
484.641638225256,36.11847398092227
484.641638225256,35.96392317578784
484.641638225256,35.76224686210933
484.641638225256,35.46492057042093
484.641638225256,35.05573449830963
484.641638225256,34.53367575780928
486.0068259385665,33.91400279327089
486.0068259385665,33.283696025676804
486.0068259385665,32.81242429760344
486.0068259385665,32.64732777963216
486.0068259385665,32.79606963014021
486.0068259385665,33.13004414268734
486.0068259385665,33.50299805527511
486.0068259385665,33.85513050833646
486.0068259385665,34.201265850879295
486.0068259385665,34.539209052198444
486.0068259385665,34.796105701313486
486.0068259385665,34.870323748785104
486.0068259385665,34.710237378312044
486.0068259385665,34.33976362397348
486.0068259385665,33.82354031241683
486.0068259385665,33.24630508048135
486.0068259385665,32.72955136542757
486.0068259385665,32.40450444489311
487.3720136518771,32.31670710184089
487.3720136518771,32.37436511773161
487.3720136518771,32.42542232097865
487.3720136518771,32.378367940447156
487.3720136518771,32.242546244207915
487.3720136518771,32.07089617513531
487.3720136518771,31.886254944218113
487.3720136518771,31.659659415937426
487.3720136518771,31.351804890367312
487.3720136518771,30.98988411687606
487.3720136518771,30.709016992698217
487.3720136518771,30.677077431491966
487.3720136518771,30.93183657516187
487.3720136518771,31.296615223497486
487.3720136518771,31.490516466041925
487.3720136518771,31.33836684214606
488.73720136518773,30.879933820824668
488.73720136518773,30.31478279960554
488.73720136518773,29.88166627879456
488.73720136518773,29.7470554400343
488.73720136518773,29.919037422392996
488.73720136518773,30.23796349417876
488.73720136518773,30.490781282381406
488.73720136518773,30.558655770438886
488.73720136518773,30.448205470307556
488.73720136518773,30.210650971329738
488.73720136518773,29.883223635023022
488.73720136518773,29.50842258262752
490.1023890784983,29.161727186797297
490.1023890784983,28.920876923319412
490.1023890784983,28.811165051277648
490.1023890784983,28.802447244779856
490.1023890784983,28.855587930150655
490.1023890784983,28.938749619561893
490.1023890784983,28.995359118778413
490.1023890784983,28.944739827360095
490.1023890784983,28.751334061045974
491.4675767918089,28.751334061045974
491.4675767918089,28.612981796145835
491.4675767918089,28.474629531245697
491.4675767918089,28.336277266345558
491.4675767918089,28.19792500144542
491.4675767918089,28.059572736545277
491.4675767918089,27.92122047164514
492.8327645051195,27.782868206745
492.8327645051195,27.644515941844862
492.8327645051195,27.506163676944723
492.8327645051195,27.367811412044585
492.8327645051195,27.229459147144446
492.8327645051195,27.091106882244308
492.8327645051195,26.95275461734417
492.8327645051195,26.81440235244403
494.19795221843003,26.676050087543892
494.19795221843003,26.53769782264375
494.19795221843003,26.39934555774361
494.19795221843003,26.260993292843473
494.19795221843003,26.122641027943335
494.19795221843003,25.984288763043196
495.5631399317406,25.984288763043196
495.5631399317406,25.812184325811128
495.5631399317406,25.64491236397607
495.5631399317406,25.507074905977706
495.5631399317406,25.388786776059458
496.9283276450512,25.27587991183703
496.9283276450512,25.1575259751534
496.9283276450512,25.02991939180244
496.9283276450512,24.90375820181812
498.2935153583618,24.795489599452175
498.2935153583618,24.706388900892005
498.2935153583618,24.619278724621314
498.2935153583618,24.519283721395706
499.65870307167233,24.41102462070342
499.65870307167233,24.312569505678734
499.65870307167233,24.23446174725353
499.65870307167233,24.16587665116411
501.02389078498294,24.080104875381213
501.02389078498294,23.957763826858834
501.02389078498294,23.811052269961188
501.02389078498294,23.68121638898792
502.3890784982935,23.600697384912582
502.3890784982935,23.556076121099874
502.3890784982935,23.496494439656896
502.3890784982935,23.379952464869998
503.7542662116041,23.21094844665992
503.7542662116041,23.037636303188716
503.7542662116041,22.9113177121986
503.7542662116041,22.843181767211156
503.7542662116041,22.803052542661536
505.1194539249147,22.75981329308184
505.1194539249147,22.71029334533216
505.1194539249147,22.667183331027594
505.1194539249147,22.63272434807842
505.1194539249147,22.591059632562743
506.4846416382253,22.52443056446836
506.4846416382253,22.434828950989523
506.4846416382253,22.34393724803493
506.4846416382253,22.268738412459086
507.84982935153585,22.205606919128144
507.84982935153585,22.139522430600994
507.84982935153585,22.05946700148033
507.84982935153585,21.96363395589097
509.2150170648464,21.858133556302363
509.2150170648464,21.756911503567743
509.2150170648464,21.680804060106386
510.580204778157,21.646724570013294
510.580204778157,21.64869780972795
510.580204778157,21.65580390204401
510.580204778157,21.640577474257885
511.9453924914676,21.605257525068655
511.9453924914676,21.57119718586791
511.9453924914676,21.55205728193301
513.3105802047781,21.547780995707676
513.3105802047781,21.550306273955925
513.3105802047781,21.54096654377104
514.6757679180887,21.495510760995128
514.6757679180887,21.411157368475585
514.6757679180887,21.324006030391697
516.0409556313994,21.2831202894822
516.0409556313994,21.3024225090551
516.0409556313994,21.344578727575772
516.0409556313994,21.35634798413519
517.4061433447099,21.316213049225894
517.4061433447099,21.245208133223112
517.4061433447099,21.177749341682905
518.7713310580205,21.132260968755727
518.7713310580205,21.111238632895386
518.7713310580205,21.11757052337143
520.1365187713311,21.159170600930725
520.1365187713311,21.2411752776076
520.1365187713311,21.359263863959804
520.1365187713311,21.49456472003044
521.5017064846417,21.613543633429792
521.5017064846417,21.685446643518482
521.5017064846417,21.710464772485086
521.5017064846417,21.726553380758034
522.8668941979522,21.778674376231585
522.8668941979522,21.87713297120007
522.8668941979522,21.987204302502523
524.2320819112629,22.063445209878964
524.2320819112629,22.097343625988486
524.2320819112629,22.125815022092112
524.2320819112629,22.186888102722154
525.5972696245734,22.278305317050158
525.5972696245734,22.373092288477096
525.5972696245734,22.461696658835937
525.5972696245734,22.553989971648516
526.962457337884,22.648581032838376
526.962457337884,22.731923082776245
526.962457337884,22.80879094697146
526.962457337884,22.903519471587373
528.3276450511945,23.023895130382076
528.3276450511945,23.147393516534827
528.3276450511945,23.252893720097653
528.3276450511945,23.347462675222523
528.3276450511945,23.451007794922585
529.692832764505,23.5648062697086
529.692832764505,23.660182625971913
529.692832764505,23.69566397561963
529.692832764505,23.655084330765515
529.692832764505,23.581172764099048
529.692832764505,23.561209749719104
531.0580204778157,23.658945896766618
531.0580204778157,23.8572473345866
531.0580204778157,24.076000031837786
531.0580204778157,24.247034519858047
531.0580204778157,24.366728473850568
532.4232081911263,24.481010659816942
532.4232081911263,24.630716677104655
532.4232081911263,24.81373335092952
532.4232081911263,24.988528887550853
532.4232081911263,25.10817422680863
533.7883959044368,25.15875311121282
533.7883959044368,25.17169731566601
533.7883959044368,25.196289944035243
533.7883959044368,25.261428341099712
533.7883959044368,25.368134336878935
535.1535836177475,25.506296544111457
535.1535836177475,25.66070681198279
535.1535836177475,25.80778744792483
535.1535836177475,25.92370226600359
535.1535836177475,26.000878555596234
535.1535836177475,26.055408334202685
536.518771331058,26.11664260402577
536.518771331058,26.205236520271068
536.518771331058,26.317746126127677
536.518771331058,26.430951136227275
536.518771331058,26.52245794479692
537.8839590443686,26.58838187503743
537.8839590443686,26.6455318380792
537.8839590443686,26.718283775905782
537.8839590443686,26.818963691266738
537.8839590443686,26.937886582172037
539.2491467576792,27.054691732533332
539.2491467576792,27.156140104002617
539.2491467576792,27.239865156438064
539.2491467576792,27.306378704799233
539.2491467576792,27.35858701872504
539.2491467576792,27.410785136208993
540.6143344709898,27.488859964905103
540.6143344709898,27.616931195421795
540.6143344709898,27.801984429449416
540.6143344709898,28.025098035977447
540.6143344709898,28.244488506999126
540.6143344709898,28.41086204304542
541.9795221843003,28.493773977290154
541.9795221843003,28.505755675201193
541.9795221843003,28.49976203182515
541.9795221843003,28.534842705844515
541.9795221843003,28.641332617388628
541.9795221843003,28.80935701077413
541.9795221843003,28.993112488544114
543.344709897611,29.132249766002854
543.344709897611,29.195341032296625
543.344709897611,29.206214395628404
543.344709897611,29.215970242990114
543.344709897611,29.255116426114352
543.344709897611,29.32154991395542
543.344709897611,29.40540658321671
544.7098976109215,29.51431088089812
544.7098976109215,29.669980524794244
544.7098976109215,29.875184682180763
544.7098976109215,30.088858698540953
544.7098976109215,30.25674717129345
544.7098976109215,30.37213146242846
544.7098976109215,30.48114055640387
546.0750853242321,30.6180043129478
546.0750853242321,30.75472465663724
546.0750853242321,30.835680107819858
546.0750853242321,30.858435648190515
546.0750853242321,30.902769857459123
546.0750853242321,31.06574608265443
546.0750853242321,31.365855526124403
547.4402730375426,31.71184767768428
547.4402730375426,31.96514427031147
547.4402730375426,32.03932962902894
547.4402730375426,31.958701640935537
547.4402730375426,31.839297775297965
547.4402730375426,31.809031164262603
547.4402730375426,31.92070839245384
548.8054607508532,32.122636635091176
548.8054607508532,32.31473645321253
548.8054607508532,32.444772341633225
548.8054607508532,32.553350601794996
548.8054607508532,32.7251261825091
548.8054607508532,33.000712538310374
548.8054607508532,33.33174353510745
550.1706484641638,33.610608199422494
550.1706484641638,33.74580576087251
550.1706484641638,33.721239284060786
550.1706484641638,33.597625056913586
550.1706484641638,33.46953694538411
550.1706484641638,33.424876335626465
550.1706484641638,33.51949444994
550.1706484641638,33.74823235967533
551.5358361774744,34.03108681283773
551.5358361774744,34.25864264044391
551.5358361774744,34.3727943624867
551.5358361774744,34.40149522715411
551.5358361774744,34.41663458855668
551.5358361774744,34.46359210920153
551.5358361774744,34.52721393674765
551.5358361774744,34.56481498657936
551.5358361774744,34.57588322661006
552.9010238907849,34.628846342780875
552.9010238907849,34.80894818252413
552.9010238907849,35.133066256067515
552.9010238907849,35.509023343558084
552.9010238907849,35.79123651826426
552.9010238907849,35.900812527594766
552.9010238907849,35.893643684993826
552.9010238907849,35.90128151907276
552.9010238907849,36.01184179510798
552.9010238907849,36.21484810311072
552.9010238907849,36.436291367159825
554.2662116040956,36.60647972063751
554.2662116040956,36.700996641368874
554.2662116040956,36.73102386988007
554.2662116040956,36.71428529476539
554.2662116040956,36.67290263596343
554.2662116040956,36.648790607715064
554.2662116040956,36.69550427465733
554.2662116040956,36.84577764036355
554.2662116040956,37.09307732781914
554.2662116040956,37.40023100940957
554.2662116040956,37.712832657631374
554.2662116040956,37.96369509970754
555.6313993174061,38.08479387680923
555.6313993174061,38.05206357736155
555.6313993174061,37.94039684154809
555.6313993174061,37.89963008059014
555.6313993174061,38.03551603669382
555.6313993174061,38.31435308775617
555.6313993174061,38.595268731874235
555.6313993174061,38.75273824463488
555.6313993174061,38.776005059966664
555.6313993174061,38.77333728210361
555.6313993174061,38.88235590978636
555.6313993174061,39.14948532614228
556.9965870307167,39.48622274244704
556.9965870307167,39.74715936775092
556.9965870307167,39.83897187554392
556.9965870307167,39.75617452171909
556.9965870307167,39.56302103849329
556.9965870307167,39.37819316782794
556.9965870307167,39.330089346296774
556.9965870307167,39.462972742954655
556.9965870307167,39.69445600119491
556.9965870307167,39.89784536066743
556.9965870307167,40.01484772394351
558.3617747440273,40.077191479506624
558.3617747440273,40.15239049008998
558.3617747440273,40.294065665043455
558.3617747440273,40.515240551474804
558.3617747440273,40.77302691147459
558.3617747440273,40.99066081247497
558.3617747440273,41.1228619864749
558.3617747440273,41.19460995377158
558.3617747440273,41.262336767854585
558.3617747440273,41.364899251517535
558.3617747440273,41.52795993922464
559.7269624573379,41.76293396701863
559.7269624573379,42.02653356767904
559.7269624573379,42.222780886989376
559.7269624573379,42.28400074705187
559.7269624573379,42.23055061904016
559.7269624573379,42.13899567299332
559.7269624573379,42.079245389035265
559.7269624573379,42.09360488232247
559.7269624573379,42.21047232346327
559.7269624573379,42.45023761778183
561.0921501706484,42.79827245422885
561.0921501706484,43.17468819797489
561.0921501706484,43.464549807002406
561.0921501706484,43.600252680956466
561.0921501706484,43.60281731667131
561.0921501706484,43.54466986723189
561.0921501706484,43.49887029808757
561.0921501706484,43.52208928220684
561.0921501706484,43.6421679294777
562.4573378839591,43.83540692205994
562.4573378839591,44.03551935705531
562.4573378839591,44.1945695088929
562.4573378839591,44.326622330697695
562.4573378839591,44.47303627827015
562.4573378839591,44.64299373500531
562.4573378839591,44.81399969785132
562.4573378839591,44.980395499538815
562.4573378839591,45.17403044599641
563.8225255972696,45.42235399396071
563.8225255972696,45.69579488742231
563.8225255972696,45.914208337284535
563.8225255972696,46.007627781818464
563.8225255972696,45.961382918982736
563.8225255972696,45.81724125201985
563.8225255972696,45.65861085796736
563.8225255972696,45.58602875081252
563.8225255972696,45.669712509410274
565.1877133105802,45.90714329080845
565.1877133105802,46.22517962637022
565.1877133105802,46.527652592030364
565.1877133105802,46.7485636076318
565.1877133105802,46.87370137655403
565.1877133105802,46.92924474754663
565.1877133105802,46.96312886260778
565.1877133105802,47.02189032480473
566.5529010238907,47.120023486942635
566.5529010238907,47.23025301464888
566.5529010238907,47.315565509552876
566.5529010238907,47.3697962103393
566.5529010238907,47.42698464794834
566.5529010238907,47.530914316941626
566.5529010238907,47.69266151050547
567.9180887372013,47.87747792125398
567.9180887372013,48.03794796462479
567.9180887372013,48.15991700836405
567.9180887372013,48.27191913072672
567.9180887372013,48.40794441057151
567.9180887372013,48.57154539280561
567.9180887372013,48.74243402098483
569.283276450512,48.90471257009966
569.283276450512,49.04714340813868
569.283276450512,49.140396044430744
569.283276450512,49.14656143223824
569.283276450512,49.07062002977718
569.283276450512,48.985909857053485
569.283276450512,48.986440006117846
570.6484641638225,49.110734178671336
570.6484641638225,49.318080416646545
570.6484641638225,49.537898616379664
570.6484641638225,49.733592830472
570.6484641638225,49.91480372963103
570.6484641638225,50.097028259823176
572.013651877133,50.26051756253469
572.013651877133,50.35555749649577
572.013651877133,50.35468703027688
572.013651877133,50.296124419932134
572.013651877133,50.26259234415771
572.013651877133,50.31464805074315
573.3788395904437,50.45011415689865
573.3788395904437,50.62041670502035
573.3788395904437,50.77307247320731
573.3788395904437,50.883798498068856
573.3788395904437,50.96556184051465
574.7440273037543,51.05338145336955
574.7440273037543,51.17467859812719
574.7440273037543,51.326652648459
574.7440273037543,51.478797268151474
574.7440273037543,51.59441279256234
576.1092150170648,51.65117491821416
576.1092150170648,51.64954927105374
576.1092150170648,51.60934453458618
576.1092150170648,51.56145140102875
576.1092150170648,51.54265423926698
577.4744027303755,51.5856959171858
577.4744027303755,51.69851556117558
577.4744027303755,51.85048457243975
577.4744027303755,51.9892124907971
578.839590443686,52.079903393756055
578.839590443686,52.127234607698256
578.839590443686,52.15438286710638
578.839590443686,52.16883040779715
580.2047781569966,52.16045595361858
580.2047781569966,52.125576067241056
580.2047781569966,52.07299437174119
580.2047781569966,52.008720285190805
581.5699658703072,51.93347809132662
581.5699658703072,51.854049081080156
581.5699658703072,51.78203163895311
581.5699658703072,51.72082541053196
582.9351535836178,51.66354204646614
582.9351535836178,51.60310272143327
582.9351535836178,51.539954153836476
584.3003412969283,51.48016099545036
584.3003412969283,51.42329400182237
584.3003412969283,51.354128800596435
584.3003412969283,51.25710437559461
585.665529010239,51.138292544417794
585.665529010239,51.01348784744568
585.665529010239,50.87334046199372
585.665529010239,50.689686751448995
585.665529010239,50.471862456943875
587.0307167235495,50.29277251697747
587.0307167235495,50.236747619313014
587.0307167235495,50.3257702262107
587.0307167235495,50.50185134438897
587.0307167235495,50.67036815158272
587.0307167235495,50.753319808744635
588.3959044368601,50.71460548873377
588.3959044368601,50.55838962938822
588.3959044368601,50.318288125118904
588.3959044368601,50.04407094238024
588.3959044368601,49.78290948451685
588.3959044368601,49.562206780323294
588.3959044368601,49.390914861251986
589.7610921501706,49.27877655822453
589.7610921501706,49.237613097796675
589.7610921501706,49.24683728195907
589.7610921501706,49.23820488030202
589.7610921501706,49.14947907598963
589.7610921501706,48.990125217187476
591.1262798634812,48.824617822133916
591.1262798634812,48.69219521543842
591.1262798634812,48.57303234789996
591.1262798634812,48.43188180873897
591.1262798634812,48.26007255833353
591.1262798634812,48.069542015578534
592.4914675767918,47.878333175636826
592.4914675767918,47.71524549323778
592.4914675767918,47.61364093373089
592.4914675767918,47.57391655886235
592.4914675767918,47.54012355832119
592.4914675767918,47.44471435966446
593.8566552901024,47.28529052404793
593.8566552901024,47.13322203921853
593.8566552901024,47.05562463625798
593.8566552901024,47.04896120780753
593.8566552901024,47.05431779366368
593.8566552901024,47.01707816121843
595.2218430034129,46.91938894485856
595.2218430034129,46.76984559242125
595.2218430034129,46.58787391516574
595.2218430034129,46.40742685252325
595.2218430034129,46.27524556972218
595.2218430034129,46.21754171950434
595.2218430034129,46.20736998047298
596.5870307167236,46.1825600379641
596.5870307167236,46.097115393441705
596.5870307167236,45.94373931641202
596.5870307167236,45.740655449694
596.5870307167236,45.519556218465304
596.5870307167236,45.32049445378266
597.9522184300341,45.179548473203745
597.9522184300341,45.11184994236716
597.9522184300341,45.09755084734468
597.9522184300341,45.07970792071112
597.9522184300341,44.99808914782379
597.9522184300341,44.84665368096611
599.3174061433447,44.68363762535657
599.3174061433447,44.56642213839291
599.3174061433447,44.49064849491916
599.3174061433447,44.407972438098334
599.3174061433447,44.28205143703867
599.3174061433447,44.10981693621473
600.6825938566553,43.914197702790894
600.6825938566553,43.73990905594489
600.6825938566553,43.63185416464378
600.6825938566553,43.59314455683401
600.6825938566553,43.57783579936074
600.6825938566553,43.536807782881795
602.0477815699659,43.459170122889255
602.0477815699659,43.360969423153705
602.0477815699659,43.242510649073616
602.0477815699659,43.07347769168697
602.0477815699659,42.83398979633428
602.0477815699659,42.55990539729065
602.0477815699659,42.32454470099085
602.0477815699659,42.18032156965844
603.4129692832764,42.13052051617369
603.4129692832764,42.134321984964714
603.4129692832764,42.119510720737495
603.4129692832764,42.0263316523695
603.4129692832764,41.87074937989913
603.4129692832764,41.73395065948435
603.4129692832764,41.66119467541178
603.4129692832764,41.6029029353915
603.4129692832764,41.48449974956885
604.778156996587,41.302457836359174
604.778156996587,41.11530738271528
604.778156996587,40.96374618093641
604.778156996587,40.84718622958828
604.778156996587,40.7644075010584
604.778156996587,40.71371573277563
604.778156996587,40.64545532848291
604.778156996587,40.47816626516835
604.778156996587,40.19740091407267
606.1433447098976,39.90099627033602
606.1433447098976,39.71307023802733
606.1433447098976,39.67559636112643
606.1433447098976,39.74950457761548
606.1433447098976,39.88910484130098
606.1433447098976,40.06324713643083
606.1433447098976,40.213684509649404
606.1433447098976,40.254105710064714
606.1433447098976,40.14029231078594
606.1433447098976,39.92090043032031
607.5085324232082,39.69956466832234
607.5085324232082,39.54053863718372
607.5085324232082,39.41314724314326
607.5085324232082,39.23684761454281
607.5085324232082,38.97983868927635
607.5085324232082,38.698257986828665
607.5085324232082,38.47182284593663
607.5085324232082,38.31871396322413
607.5085324232082,38.194071237430705
608.8737201365188,38.06275552265971
608.8737201365188,37.94040291931861
608.8737201365188,37.85879083147607
608.8737201365188,37.82533765588908
608.8737201365188,37.82507780313287
608.8737201365188,37.82925364074467
608.8737201365188,37.790622438649926
608.8737201365188,37.6535145879871
608.8737201365188,37.392950193674665
610.2389078498294,37.05973804701446
610.2389078498294,36.778551584373005
610.2389078498294,36.6709756306051
610.2389078498294,36.762749566499025
610.2389078498294,36.96202634693078
610.2389078498294,37.11824826243749
610.2389078498294,37.11006529293026
610.2389078498294,36.91731324986007
611.6040955631399,36.63745297903346
611.6040955631399,36.415047329075456
611.6040955631399,36.32594074032341
611.6040955631399,36.321570344102724
611.6040955631399,36.28276221058076
611.6040955631399,36.123446448929045
612.9692832764506,35.84816318708477
612.9692832764506,35.526047617697785
612.9692832764506,35.22227125975454
612.9692832764506,34.959052805981266
612.9692832764506,34.735180739544106
614.334470989761,34.5582117436248
614.334470989761,34.43348692461027
614.334470989761,34.33609570127877
614.334470989761,34.226278446368056
615.6996587030717,34.09299161257478
615.6996587030717,33.957873570981164
615.6996587030717,33.835550566381606
615.6996587030717,33.71144289542894
615.6996587030717,33.56189200818593
617.0648464163822,33.37940002981306
617.0648464163822,33.17514359646875
617.0648464163822,32.969988358280574
617.0648464163822,32.791832305531656
618.4300341296928,32.67559633801113
618.4300341296928,32.646135757613706
618.4300341296928,32.68604895676952
618.4300341296928,32.726900244861206
618.4300341296928,32.68731774344384
619.7952218430034,32.52627779221135
619.7952218430034,32.2624841611817
619.7952218430034,31.95165932049576
619.7952218430034,31.654336485252443
619.7952218430034,31.41844368045319
621.160409556314,31.269504799995197
621.160409556314,31.19665548087096
621.160409556314,31.15160465716959
621.160409556314,31.08388405752055
621.160409556314,30.98548087012012
622.5255972696245,30.889066903263046
622.5255972696245,30.82213197390803
622.5255972696245,30.777847235953832
622.5255972696245,30.728465337349576
622.5255972696245,30.649399598510712
623.8907849829352,30.526893265760524
623.8907849829352,30.35497560045976
623.8907849829352,30.138327409968536
623.8907849829352,29.89937937941005
623.8907849829352,29.67291925900075
625.2559726962457,29.4867964033915
625.2559726962457,29.347822410249996
625.2559726962457,29.240883652849654
625.2559726962457,29.137814597830097
625.2559726962457,29.017007754651736
626.6211604095563,28.879659031240745
626.6211604095563,28.739481294894563
626.6211604095563,28.598117639789074
626.6211604095563,28.44497518409133
626.6211604095563,28.284692760402123
627.986348122867,28.15152882852687
627.986348122867,28.079807989854633
627.986348122867,28.058338625562733
627.986348122867,28.027986759716665
627.986348122867,27.935785243161565
629.3515358361775,27.78195333168247
629.3515358361775,27.604094245853023
629.3515358361775,27.432795391409698
629.3515358361775,27.280127883617784
629.3515358361775,27.15456396826761
629.3515358361775,27.06066130706602
630.716723549488,26.981655271004097
630.716723549488,26.877614014935354
630.716723549488,26.715195943415964
630.716723549488,26.50713460726956
630.716723549488,26.318035198812385
630.716723549488,26.215976784510026
632.0819112627986,26.207915792246023
632.0819112627986,26.22447009943989
632.0819112627986,26.17191298528363
632.0819112627986,26.00233812598717
632.0819112627986,25.743395055832778
632.0819112627986,25.480303361128364
633.4470989761093,25.310342958753406
633.4470989761093,25.286173837331887
633.4470989761093,25.376771006263244
633.4470989761093,25.482435903496615
633.4470989761093,25.497987670781345
633.4470989761093,25.373580211322444
634.8122866894198,25.136251815395603
634.8122866894198,24.869828329043038
634.8122866894198,24.661580662353145
634.8122866894198,24.54286652340244
634.8122866894198,24.478765195471517
634.8122866894198,24.420656232204312
636.1774744027304,24.352608130845912
636.1774744027304,24.27764120070619
636.1774744027304,24.190399934692877
636.1774744027304,24.0906937213933
636.1774744027304,24.002987461712202
637.5426621160409,23.954306027966762
637.5426621160409,23.938311091329997
637.5426621160409,23.918445507217797
637.5426621160409,23.86357890518628
638.9078498293516,23.769510339354063
638.9078498293516,23.650970902894482
638.9078498293516,23.525143391272664
640.2730375426621,23.403280643273714
640.2730375426621,23.289871885334005
640.2730375426621,23.184899518593674
641.6382252559727,23.086094086106623
641.6382252559727,22.988665255185204
641.6382252559727,22.886673958166515
643.0034129692833,22.77909578856353
643.0034129692833,22.66798030282157
643.0034129692833,22.546023151715836
644.3686006825939,22.398711118905084
644.3686006825939,22.229248309083523
644.3686006825939,22.07162431536717
645.7337883959044,21.965798777363457
645.7337883959044,21.91899960304962
645.7337883959044,21.896741564053933
647.0989761092151,21.85366167228433
647.0989761092151,21.771294612615275
647.0989761092151,21.664327496623034
647.0989761092151,21.55303495145083
648.4641638225256,21.43740624730964
648.4641638225256,21.304376193255763
648.4641638225256,21.155710557038734
648.4641638225256,21.020038715564834
649.8293515358362,20.93234431191639
649.8293515358362,20.901776158874245
649.8293515358362,20.902912998967494
649.8293515358362,20.898995511579912
651.1945392491468,20.86778511712249
651.1945392491468,20.803630210908334
651.1945392491468,20.705880886246934
652.5597269624573,20.577217795145277
652.5597269624573,20.429167201652238
652.5597269624573,20.27765879675298
653.9249146757679,20.130985860452416
653.9249146757679,19.986892589027953
653.9249146757679,19.840649535660333
655.2901023890785,19.69218234942832
655.2901023890785,19.548200431352967
655.2901023890785,19.421350139960545
656.655290102389,19.323961476369426
656.655290102389,19.25883665905439
656.655290102389,19.21656260996606
658.0204778156997,19.17975802076322
658.0204778156997,19.12757702169343
658.0204778156997,19.043650980670108
658.0204778156997,18.929688825904343
659.3856655290102,18.806986050008213
659.3856655290102,18.69637175455986
659.3856655290102,18.59949233479175
659.3856655290102,18.506014649633954
660.7508532423208,18.4146133246002
660.7508532423208,18.334289223180036
660.7508532423208,18.264381074713572
660.7508532423208,18.19138114928939
662.1160409556314,18.110179469750342
662.1160409556314,18.03008767193905
662.1160409556314,17.953677014947125
662.1160409556314,17.868980836130557
663.481228668942,17.770621565636485
663.481228668942,17.672635839265677
663.481228668942,17.590404233266028
663.481228668942,17.52035322798132
664.8464163822525,17.44700149717922
664.8464163822525,17.362789943031977
664.8464163822525,17.271419962057266
666.2116040955632,17.17482276513745
666.2116040955632,17.063457910731973
666.2116040955632,16.924059476928445
667.5767918088736,16.760508964048213
667.5767918088736,16.604103332320353
667.5767918088736,16.49215872818486
667.5767918088736,16.43601715681288
668.9419795221843,16.41874027164138
668.9419795221843,16.41948268752372
668.9419795221843,16.421719216016083
668.9419795221843,16.399785211161714
670.307167235495,16.324826306449314
670.307167235495,16.195689481798325
670.307167235495,16.048665677002628
670.307167235495,15.925561970865642
671.6723549488054,15.838917247361865
671.6723549488054,15.771458772684294
671.6723549488054,15.699627901788697
671.6723549488054,15.610226786547749
673.037542662116,15.498834668814279
673.037542662116,15.365140028102262
673.037542662116,15.219175657476805
673.037542662116,15.086356073110219
674.4027303754267,14.992289337141704
674.4027303754267,14.936571227834724
674.4027303754267,14.887696566554135
674.4027303754267,14.815061905295316
675.7679180887372,14.723596115458532
675.7679180887372,14.642257731788607
675.7679180887372,14.580444332840612
675.7679180887372,14.51743241849918
677.1331058020478,14.438670615367553
677.1331058020478,14.358815044357787
677.1331058020478,14.29563869321182
677.1331058020478,14.236726080429799
678.4982935153585,14.151074681480358
678.4982935153585,14.031553571077202
678.4982935153585,13.911995735842547
679.8634812286689,13.835565506068692
679.8634812286689,13.811728685204692
679.8634812286689,13.808490449609167
679.8634812286689,13.783558251188014
681.2286689419795,13.719394971001472
681.2286689419795,13.630180690561847
681.2286689419795,13.540968759050232
681.2286689419795,13.464274059043186
682.5938566552901,13.396331533491967
682.5938566552901,13.328840569532275
682.5938566552901,13.258059921693249
683.9590443686006,13.187694773382946
683.9590443686006,13.128354489200508
683.9590443686006,13.085855576280842
683.9590443686006,13.044641474232066
685.3242320819113,12.975345043754011
685.3242320819113,12.86600697017152
685.3242320819113,12.736155635267918
686.6894197952219,12.614033543514214
686.6894197952219,12.511613075590494
686.6894197952219,12.431274352621486
688.0546075085324,12.382937039108075
688.0546075085324,12.373320278278397
688.0546075085324,12.383422272803026
688.0546075085324,12.37899001619265
689.4197952218431,12.346278782631646
689.4197952218431,12.299269905445298
689.4197952218431,12.246860145748077
690.7849829351536,12.169723912113959
690.7849829351536,12.042099267977607
690.7849829351536,11.871523571770393
690.7849829351536,11.707937255614773
692.1501706484642,11.607528722649144
692.1501706484642,11.584886400989316
692.1501706484642,11.601334762967454
692.1501706484642,11.600219707172393
693.5153583617748,11.550870496823528
693.5153583617748,11.46280702243452
693.5153583617748,11.372145829304339
694.8805460750852,11.3175577075537
694.8805460750852,11.312182160140056
694.8805460750852,11.329177579646888
694.8805460750852,11.323751607803693
696.2457337883959,11.274073763590959
696.2457337883959,11.194587163937676
696.2457337883959,11.109728896000915
697.6109215017065,11.025901840633038
697.6109215017065,10.93593105022325
697.6109215017065,10.840244136137782
697.6109215017065,10.74772574855578
698.976109215017,10.659192937428992
698.976109215017,10.567948811420292
698.976109215017,10.477084131817547
700.3412969283277,10.400427876680084
700.3412969283277,10.343510920798298
700.3412969283277,10.296276427130737
701.7064846416382,10.246667494846537
701.7064846416382,10.193388776431963
701.7064846416382,10.144037816632254
701.7064846416382,10.104747071012193
703.0716723549488,10.073292471914778
703.0716723549488,10.041489549763478
703.0716723549488,10.000817216773289
704.4368600682594,9.944678265714698
704.4368600682594,9.871080492861449
704.4368600682594,9.786261334511696
705.80204778157,9.70146544161491
705.80204778157,9.62615652635286
705.80204778157,9.567141312015355
707.1672354948805,9.52756689436638
707.1672354948805,9.498711833274811
707.1672354948805,9.460478814406
708.5324232081912,9.400431188971796
708.5324232081912,9.32819810737564
708.5324232081912,9.262113241217
709.8976109215017,9.20724175010307
709.8976109215017,9.153820594179699
709.8976109215017,9.09135755034026
711.2627986348123,9.018938357144572
711.2627986348123,8.945820166278995
711.2627986348123,8.882000551921946
712.6279863481229,8.826131832249851
712.6279863481229,8.76654573917937
712.6279863481229,8.695786179229508
713.9931740614335,8.619511401678533
713.9931740614335,8.55038839765835
713.9931740614335,8.494986222131859
715.358361774744,8.445746478489578
715.358361774744,8.386521704561499
715.358361774744,8.306982017948524
716.7235494880547,8.211828785555262
716.7235494880547,8.120066064498351
716.7235494880547,8.054439055218683
718.0887372013651,8.022276710162009
718.0887372013651,8.00390676037854
718.0887372013651,7.967510053425109
719.4539249146758,7.89646115607913
719.4539249146758,7.798673481125906
719.4539249146758,7.693330407154145
720.8191126279864,7.594167322218333
720.8191126279864,7.50337043476539
722.1843003412969,7.416230827898225
722.1843003412969,7.327416473941327
722.1843003412969,7.232023501081462
723.5494880546075,7.128160775004434
723.5494880546075,7.025207373341807
723.5494880546075,6.941969556399178
724.9146757679181,6.886582515290854
724.9146757679181,6.845313649918716
724.9146757679181,6.802650806783858
726.2798634812286,6.763407289541563
726.2798634812286,6.739430819980692
726.2798634812286,6.721272975446636
727.6450511945393,6.681631407891313
727.6450511945393,6.605700435941644
727.6450511945393,6.505397346494965
729.0102389078498,6.404511073934323
729.0102389078498,6.319075048274649
729.0102389078498,6.24885921207121
730.3754266211604,6.180628476201922
730.3754266211604,6.104223139568394
730.3754266211604,6.0292215430043745
731.740614334471,5.977427701380505
731.740614334471,5.955103302928167
731.740614334471,5.940932362340602
733.1058020477815,5.905490562062049
733.1058020477815,5.83701510562279
733.1058020477815,5.746403716579985
734.4709897610921,5.653533219007175
734.4709897610921,5.572555971941579
734.4709897610921,5.503864154283098
735.8361774744027,5.4348090708214825
735.8361774744027,5.353481927143952
735.8361774744027,5.264166159226487
737.2013651877132,5.181339890144313
737.2013651877132,5.108713126785042
737.2013651877132,5.035528589288036
738.5665529010239,4.955327061286158
738.5665529010239,4.877692127368311
739.9317406143344,4.816117948470137
739.9317406143344,4.7676382477616395
739.9317406143344,4.7110916544298
741.296928327645,4.6303904261663105
741.296928327645,4.534343561628593
742.6621160409557,4.444750885991574
742.6621160409557,4.369439330492933
742.6621160409557,4.298352240629277
744.0273037542662,4.223343314356658
744.0273037542662,4.149167315793897
745.3924914675767,4.083411411239991
745.3924914675767,4.024996843846509
745.3924914675767,3.9660322190645636
746.7576791808874,3.899318013001424
746.7576791808874,3.8205555067992134
748.122866894198,3.730145102660446
748.122866894198,3.638127361515974
748.122866894198,3.5599036897821743
749.4880546075085,3.4997156238437857
749.4880546075085,3.442358153529473
750.8532423208192,3.369164191864229
750.8532423208192,3.283435803677823
750.8532423208192,3.212814008806913
752.2184300341297,3.179292668915648
752.2184300341297,3.169786361465938
752.2184300341297,3.146281816443274
753.5836177474403,3.087262188361808
753.5836177474403,3.00933272060322
753.5836177474403,2.942927629619589
754.9488054607509,2.8982564619956905
754.9488054607509,2.864913295502556
754.9488054607509,2.833457595895578
756.3139931740615,2.800526505342873
756.3139931740615,2.759358581222148
756.3139931740615,2.7048834193704567
757.679180887372,2.6468712294835752
757.679180887372,2.602568334646562
757.679180887372,2.578556409948301
759.0443686006827,2.5696092351828925
759.0443686006827,2.566342638879002
759.0443686006827,2.553768812550571
760.4095563139931,2.5134195011524536
760.4095563139931,2.4401615379742037
760.4095563139931,2.3530640201669515
761.7747440273038,2.2829548880107646
761.7747440273038,2.2468342282594778
761.7747440273038,2.2329349607671682
763.1399317406143,2.2119989870114867
763.1399317406143,2.164943377360077
763.1399317406143,2.0964675401601247
764.5051194539249,2.024172936378225
764.5051194539249,1.961582120727161
764.5051194539249,1.9099623249403848
764.5051194539249,1.8603003430317906
765.8703071672355,1.8051236981705114
765.8703071672355,1.7515562529690911
765.8703071672355,1.7189436243028373
767.2354948805461,1.7190621139442523
767.2354948805461,1.7395922769411147
767.2354948805461,1.7500390743896892
768.6006825938566,1.7245359671847795
768.6006825938566,1.6589478014279857
768.6006825938566,1.5716679364547959
768.6006825938566,1.4934873629576195
769.9658703071673,1.4486275019543833
769.9658703071673,1.4337288339388472
769.9658703071673,1.4180587679466485
771.3310580204778,1.3717440230352198
771.3310580204778,1.2942521824294957
771.3310580204778,1.2156643773607885
772.6962457337884,1.1712600978222063
772.6962457337884,1.1704877546823529
772.6962457337884,1.188740406690688
772.6962457337884,1.193563796808989
774.061433447099,1.1765088985868408
774.061433447099,1.1497491707457665
774.061433447099,1.116318830845706
775.4266211604095,1.0612305334950027
775.4266211604095,0.9777542747081934
775.4266211604095,0.8913853798112596
776.7918088737201,0.843993762253733
776.7918088737201,0.8501449033519148
776.7918088737201,0.8771696354167712
776.7918088737201,0.8773118320464318
778.1569965870307,0.8344050240521299
778.1569965870307,0.7693004735446016
778.1569965870307,0.7040044378858413
779.5221843003412,0.6377451102167717
779.5221843003412,0.5649502353270386
779.5221843003412,0.5000593133550344
780.8873720136519,0.4646755394897454
780.8873720136519,0.4546259838276607
780.8873720136519,0.44161396235101813
780.8873720136519,0.4118884612718459
782.2525597269624,0.38367618587924207
782.2525597269624,0.37548523735305184
782.2525597269624,0.37292350515973494
783.617747440273,0.3413723920131967
783.617747440273,0.2644827577168069
783.617747440273,0.15979693778715398
784.9829351535836,0.060810842213863577
784.9829351535836,0.0
784.9829351535836,0.0
786.3481228668943,0.0
786.3481228668943,0.0
786.3481228668943,0.0
787.7133105802047,0.0
787.7133105802047,0.0
787.7133105802047,0.0
789.0784982935154,0.0
789.0784982935154,0.0
789.0784982935154,0.0
790.4436860068259,0.0
790.4436860068259,0.0
790.4436860068259,0.0
791.8088737201365,0.0
791.8088737201365,0.0
791.8088737201365,0.0
793.1740614334472,0.0
793.1740614334472,0.0
793.1740614334472,0.0
794.5392491467577,0.0
794.5392491467577,0.0
794.5392491467577,0.0
795.9044368600682,0.0
795.9044368600682,0.0
795.9044368600682,0.0
797.2696245733789,0.0
797.2696245733789,0.0
797.2696245733789,0.0
798.6348122866893,0.0
798.6348122866893,0.0
798.6348122866893,0.0
800.0,0.0
800.0,0.0
